{
  "config_name": "MESSAGE_1TO5_UNIQUE_PID",
  "model": "xgb",
  "dataset_file": "dataset_message_1to5_unique_pid.csv",
  "evaluation_mode": "all",
  "results": {
    "mixed": {
      "f1_mean": 0.22738524370892507,
      "f1_std": 0.005132141736842575
    },
    "ood": {
      "Trump": {
        "f1_mean": 0.17889458128767774,
        "f1_std": 0.007128250168625083
      },
      "ICE": {
        "f1_mean": 0.21895122216566923,
        "f1_std": 0.04559937394768338
      },
      "Gaza": {
        "f1_mean": 0.192909569098084,
        "f1_std": 0.030567430350358072
      },
      "Pokemon": {
        "f1_mean": 0.28819588398688,
        "f1_std": 0.023477456448900067
      },
      "AI": {
        "f1_mean": 0.20823766153590598,
        "f1_std": 0.009380951369883818
      },
      "Booksky": {
        "f1_mean": 0.2717875616357738,
        "f1_std": 0.009872813656740467
      },
      "BlackHistoryMonth": {
        "f1_mean": 0.26938209137028407,
        "f1_std": 0.007050729062001885
      },
      "TheTraitors": {
        "f1_mean": 0.06330417718401458,
        "f1_std": 0.017326113902707142
      },
      "Anime": {
        "f1_mean": 0.2981563981934026,
        "f1_std": 0.019949710124595326
      },
      "Superbowl": {
        "f1_mean": 0.11543139155598899,
        "f1_std": 0.042914810901610735
      }
    },
    "id": {
      "Trump": {
        "f1_mean": 0.18151877833060878,
        "f1_std": 0.004534325348865064
      },
      "ICE": {
        "f1_mean": 0.1452048513785301,
        "f1_std": 0.0029973409055174265
      },
      "Gaza": {
        "f1_mean": 0.17023172440988502,
        "f1_std": 0.005506838879557888
      },
      "Pokemon": {
        "f1_mean": 0.20092486371929827,
        "f1_std": 0.005434302195372812
      },
      "AI": {
        "f1_mean": 0.17625443033989077,
        "f1_std": 0.005367749443606196
      },
      "Booksky": {
        "f1_mean": 0.17050177889963478,
        "f1_std": 0.008921036687506503
      },
      "BlackHistoryMonth": {
        "f1_mean": 0.2733479227672783,
        "f1_std": 0.0056613697866895124
      },
      "TheTraitors": {
        "f1_mean": 0.10039580231210499,
        "f1_std": 0.024845989029184726
      },
      "Anime": {
        "f1_mean": 0.22444209443953614,
        "f1_std": 0.008810181418587327
      },
      "Superbowl": {
        "f1_mean": 0.17277237672843104,
        "f1_std": 0.04150490778676219
      }
    }
  }
}