{
  "config_name": "XGB_USER_1TO1",
  "model": "xgb",
  "dataset_file": "dataset_user_1to1.csv",
  "evaluation_mode": "all",
  "results": {
    "mixed": {
      "f1_mean": 0.9054126366942915,
      "f1_std": 0.0017078885935486322
    },
    "ood": {
      "Trump": {
        "f1_mean": 0.8618592794009167,
        "f1_std": 0.001047891902407275
      },
      "ICE": {
        "f1_mean": 0.8501204761486648,
        "f1_std": 0.0006864794952902063
      },
      "Gaza": {
        "f1_mean": 0.8559998299042566,
        "f1_std": 0.0026322624531131106
      },
      "Pokemon": {
        "f1_mean": 0.8441907786060415,
        "f1_std": 0.0034621516934018578
      },
      "AI": {
        "f1_mean": 0.8880685812196787,
        "f1_std": 0.004130236248185212
      },
      "Booksky": {
        "f1_mean": 0.8110439040774676,
        "f1_std": 0.00708635495654804
      },
      "BlackHistoryMonth": {
        "f1_mean": 0.8314362244541144,
        "f1_std": 0.0012350630815202424
      },
      "TheTraitors": {
        "f1_mean": 0.7346619563194289,
        "f1_std": 0.0025662348397909257
      },
      "Anime": {
        "f1_mean": 0.8703819604965135,
        "f1_std": 0.007395650969526577
      },
      "Superbowl": {
        "f1_mean": 0.8131470443312973,
        "f1_std": 0.0022132853154989826
      }
    },
    "id": {
      "Trump": {
        "f1_mean": 0.9008136590673232,
        "f1_std": 0.007582498532314141
      },
      "ICE": {
        "f1_mean": 0.896414449594059,
        "f1_std": 0.007184560172382624
      },
      "Gaza": {
        "f1_mean": 0.9031834546593734,
        "f1_std": 0.005708810757170535
      },
      "Pokemon": {
        "f1_mean": 0.938395624034583,
        "f1_std": 0.0006712141534018359
      },
      "AI": {
        "f1_mean": 0.9214340834366509,
        "f1_std": 0.008424125457448844
      },
      "Booksky": {
        "f1_mean": 0.9312799732710745,
        "f1_std": 0.0027933724304581623
      },
      "BlackHistoryMonth": {
        "f1_mean": 0.9001325573389977,
        "f1_std": 0.0036238772707152256
      },
      "TheTraitors": {
        "f1_mean": 0.8976159938864883,
        "f1_std": 0.0070955459228677995
      },
      "Anime": {
        "f1_mean": 0.9320422893095667,
        "f1_std": 0.0033582881915007017
      },
      "Superbowl": {
        "f1_mean": 0.8399497751497619,
        "f1_std": 0.002694106913624062
      }
    }
  }
}