{
  "config_name": "XGB_HYBRID_1TO5",
  "model": "xgb",
  "dataset_file": "dataset_hybrid_1to5.csv",
  "evaluation_mode": "all",
  "results": {
    "mixed": {
      "f1_mean": 0.8351295716761431,
      "f1_std": 0.0026546979132642478
    },
    "ood": {
      "Trump": {
        "f1_mean": 0.7715139683427467,
        "f1_std": 0.005345976378081124
      },
      "ICE": {
        "f1_mean": 0.7666079159901757,
        "f1_std": 0.0065446807909433045
      },
      "Gaza": {
        "f1_mean": 0.7526259751696038,
        "f1_std": 0.004886325113502734
      },
      "Pokemon": {
        "f1_mean": 0.7635548871205379,
        "f1_std": 0.009065088350437232
      },
      "AI": {
        "f1_mean": 0.835796550618454,
        "f1_std": 0.007779819552883974
      },
      "Booksky": {
        "f1_mean": 0.7682550903508777,
        "f1_std": 0.013750983379348002
      },
      "BlackHistoryMonth": {
        "f1_mean": 0.7312274390156975,
        "f1_std": 0.009480011657988653
      },
      "TheTraitors": {
        "f1_mean": 0.5749046368718246,
        "f1_std": 0.0013944057156669797
      },
      "Anime": {
        "f1_mean": 0.818776374573123,
        "f1_std": 0.0023545999822754925
      },
      "Superbowl": {
        "f1_mean": 0.7315018967628015,
        "f1_std": 0.006728523443541623
      }
    },
    "id": {
      "Trump": {
        "f1_mean": 0.8186984204866864,
        "f1_std": 0.009847961332102775
      },
      "ICE": {
        "f1_mean": 0.8275210928753881,
        "f1_std": 0.008510216615818259
      },
      "Gaza": {
        "f1_mean": 0.8444338879640374,
        "f1_std": 0.0034573541350880204
      },
      "Pokemon": {
        "f1_mean": 0.8896639065416209,
        "f1_std": 0.0027740488424143144
      },
      "AI": {
        "f1_mean": 0.8792602290559787,
        "f1_std": 0.006351030859967849
      },
      "Booksky": {
        "f1_mean": 0.9052836033501187,
        "f1_std": 0.003090423988423801
      },
      "BlackHistoryMonth": {
        "f1_mean": 0.837675733567314,
        "f1_std": 0.003216913031128912
      },
      "TheTraitors": {
        "f1_mean": 0.860970896970947,
        "f1_std": 0.016001502454053546
      },
      "Anime": {
        "f1_mean": 0.8778419463941196,
        "f1_std": 0.012496072130101394
      },
      "Superbowl": {
        "f1_mean": 0.7576214954394821,
        "f1_std": 0.010214083406292585
      }
    }
  }
}