{
  "config_name": "XGB_HYBRID_1TO1",
  "model": "xgb",
  "dataset_file": "dataset_hybrid_1to1.csv",
  "evaluation_mode": "all",
  "results": {
    "mixed": {
      "f1_mean": 0.903715424613369,
      "f1_std": 0.0007378337699918137
    },
    "ood": {
      "Trump": {
        "f1_mean": 0.8733501196919887,
        "f1_std": 0.0017104916797607771
      },
      "ICE": {
        "f1_mean": 0.8672785012999017,
        "f1_std": 0.004035749641345343
      },
      "Gaza": {
        "f1_mean": 0.8661882794328585,
        "f1_std": 0.001144067930062026
      },
      "Pokemon": {
        "f1_mean": 0.8599004415980568,
        "f1_std": 0.0009126531499028183
      },
      "AI": {
        "f1_mean": 0.8902720290629405,
        "f1_std": 0.002781565538913536
      },
      "Booksky": {
        "f1_mean": 0.8222415974862595,
        "f1_std": 0.001607275143929388
      },
      "BlackHistoryMonth": {
        "f1_mean": 0.8359205725690076,
        "f1_std": 0.0010614108681987298
      },
      "TheTraitors": {
        "f1_mean": 0.7032832301528767,
        "f1_std": 0.007188456271531042
      },
      "Anime": {
        "f1_mean": 0.881449535873665,
        "f1_std": 0.004356849872531467
      },
      "Superbowl": {
        "f1_mean": 0.8192600270267331,
        "f1_std": 0.0025356600269303134
      }
    },
    "id": {
      "Trump": {
        "f1_mean": 0.8847322384729729,
        "f1_std": 0.005518661489023126
      },
      "ICE": {
        "f1_mean": 0.8951962306473527,
        "f1_std": 0.006957574891471248
      },
      "Gaza": {
        "f1_mean": 0.9041450613757811,
        "f1_std": 0.004927187094892354
      },
      "Pokemon": {
        "f1_mean": 0.9386378055917848,
        "f1_std": 0.0024060017560015553
      },
      "AI": {
        "f1_mean": 0.9272631566354423,
        "f1_std": 0.006594522422418062
      },
      "Booksky": {
        "f1_mean": 0.9264034699608974,
        "f1_std": 0.004186851776908496
      },
      "BlackHistoryMonth": {
        "f1_mean": 0.894392955214503,
        "f1_std": 0.006108592299188706
      },
      "TheTraitors": {
        "f1_mean": 0.8928647152558367,
        "f1_std": 0.009903490661906674
      },
      "Anime": {
        "f1_mean": 0.9394473220560178,
        "f1_std": 0.002875238920701379
      },
      "Superbowl": {
        "f1_mean": 0.8483837319859436,
        "f1_std": 0.015433162690730692
      }
    }
  }
}