{
  "config_name": "XGB_MESSAGE_1TO1",
  "model": "xgb",
  "dataset_file": "dataset_message_1to1.csv",
  "evaluation_mode": "all",
  "results": {
    "mixed": {
      "f1_mean": 0.6738395679944698,
      "f1_std": 0.002562218012268273
    },
    "ood": {
      "Trump": {
        "f1_mean": 0.6593943646696218,
        "f1_std": 0.0038156385076360062
      },
      "ICE": {
        "f1_mean": 0.6727765580646797,
        "f1_std": 0.00686042973849955
      },
      "Gaza": {
        "f1_mean": 0.6649325317215431,
        "f1_std": 0.0021511515813602703
      },
      "Pokemon": {
        "f1_mean": 0.6674639446517316,
        "f1_std": 0.0010587142377610076
      },
      "AI": {
        "f1_mean": 0.6634518234586687,
        "f1_std": 0.002398686924240772
      },
      "Booksky": {
        "f1_mean": 0.6658537736853746,
        "f1_std": 0.0008625119078422246
      },
      "BlackHistoryMonth": {
        "f1_mean": 0.665170409933847,
        "f1_std": 0.000852138900599467
      },
      "TheTraitors": {
        "f1_mean": 0.6552357717424361,
        "f1_std": 0.004773281181593923
      },
      "Anime": {
        "f1_mean": 0.6667019094072225,
        "f1_std": 0.0004942475973041541
      },
      "Superbowl": {
        "f1_mean": 0.6439791781149222,
        "f1_std": 0.006821726003660505
      }
    },
    "id": {
      "Trump": {
        "f1_mean": 0.5846579974486946,
        "f1_std": 0.012642985164052337
      },
      "ICE": {
        "f1_mean": 0.6297667114907424,
        "f1_std": 0.006554602281984011
      },
      "Gaza": {
        "f1_mean": 0.631185428875798,
        "f1_std": 0.007191574196108058
      },
      "Pokemon": {
        "f1_mean": 0.6341000887663779,
        "f1_std": 0.004791341183670555
      },
      "AI": {
        "f1_mean": 0.6247604009755883,
        "f1_std": 0.01137200666598798
      },
      "Booksky": {
        "f1_mean": 0.584321263443027,
        "f1_std": 0.0021694407146808253
      },
      "BlackHistoryMonth": {
        "f1_mean": 0.6063531954956562,
        "f1_std": 0.005326459650412792
      },
      "TheTraitors": {
        "f1_mean": 0.6089691482590723,
        "f1_std": 0.015149544450161645
      },
      "Anime": {
        "f1_mean": 0.6460966725134442,
        "f1_std": 0.008408698709086516
      },
      "Superbowl": {
        "f1_mean": 0.6021161434314891,
        "f1_std": 0.013253623648569276
      }
    }
  }
}