{
  "config_name": "XGB_USER_1TO5",
  "model": "xgb",
  "dataset_file": "dataset_user_1to5.csv",
  "evaluation_mode": "all",
  "results": {
    "mixed": {
      "f1_mean": 0.8385955888664133,
      "f1_std": 0.0006157608387932854
    },
    "ood": {
      "Trump": {
        "f1_mean": 0.7695362493458239,
        "f1_std": 0.002078415625762536
      },
      "ICE": {
        "f1_mean": 0.7473460112080673,
        "f1_std": 0.004076532817701218
      },
      "Gaza": {
        "f1_mean": 0.7439858889963918,
        "f1_std": 0.005344460476446302
      },
      "Pokemon": {
        "f1_mean": 0.7245325720011824,
        "f1_std": 0.008142778780247868
      },
      "AI": {
        "f1_mean": 0.8331628056298247,
        "f1_std": 0.003565011025505707
      },
      "Booksky": {
        "f1_mean": 0.7460912526743392,
        "f1_std": 0.0029321189725253307
      },
      "BlackHistoryMonth": {
        "f1_mean": 0.7318565757232637,
        "f1_std": 0.006354038416487345
      },
      "TheTraitors": {
        "f1_mean": 0.5616558670730183,
        "f1_std": 0.009121432116523095
      },
      "Anime": {
        "f1_mean": 0.8066018985200807,
        "f1_std": 0.004479778863044892
      },
      "Superbowl": {
        "f1_mean": 0.7033135667868796,
        "f1_std": 0.0022794018484891014
      }
    },
    "id": {
      "Trump": {
        "f1_mean": 0.835558298526189,
        "f1_std": 0.006923591221783715
      },
      "ICE": {
        "f1_mean": 0.8223886723560097,
        "f1_std": 0.005092632764492482
      },
      "Gaza": {
        "f1_mean": 0.8348715747006473,
        "f1_std": 0.00975263237006504
      },
      "Pokemon": {
        "f1_mean": 0.8895756463776241,
        "f1_std": 0.0017375605785186464
      },
      "AI": {
        "f1_mean": 0.8803705416174118,
        "f1_std": 0.006425486725632576
      },
      "Booksky": {
        "f1_mean": 0.8995222586701335,
        "f1_std": 0.005829676628685424
      },
      "BlackHistoryMonth": {
        "f1_mean": 0.8454655433794397,
        "f1_std": 0.0019442593137196625
      },
      "TheTraitors": {
        "f1_mean": 0.8697031152868169,
        "f1_std": 0.012904135868222784
      },
      "Anime": {
        "f1_mean": 0.8845610125408051,
        "f1_std": 0.004606372046063401
      },
      "Superbowl": {
        "f1_mean": 0.7723244422571266,
        "f1_std": 0.0008620348483317723
      }
    }
  }
}