{
  "config_name": "XGB_MESSAGE_1TO1",
  "model": "xgb",
  "dataset_file": "dataset_message_1to1.csv",
  "evaluation_mode": "all",
  "results": {
    "mixed": {
      "f1_mean": 0.6709362401368305,
      "f1_std": 0.0010765891529751959
    },
    "ood": {
      "Trump": {
        "f1_mean": 0.6593374145890324,
        "f1_std": 0.004527022192348924
      },
      "ICE": {
        "f1_mean": 0.6595737275653136,
        "f1_std": 0.0022160969752802726
      },
      "Gaza": {
        "f1_mean": 0.6661066579663514,
        "f1_std": 0.00146995832075106
      },
      "Pokemon": {
        "f1_mean": 0.6676382649800043,
        "f1_std": 0.002265132325401601
      },
      "AI": {
        "f1_mean": 0.662418419116363,
        "f1_std": 0.0014422281738520233
      },
      "Booksky": {
        "f1_mean": 0.665637571345575,
        "f1_std": 0.0004426071842757638
      },
      "BlackHistoryMonth": {
        "f1_mean": 0.6660426341906928,
        "f1_std": 0.000735599558578265
      },
      "TheTraitors": {
        "f1_mean": 0.6539528208342428,
        "f1_std": 0.0038237688681252934
      },
      "Anime": {
        "f1_mean": 0.6653118226612127,
        "f1_std": 0.0029507365088095395
      },
      "Superbowl": {
        "f1_mean": 0.6509328344680547,
        "f1_std": 0.002576876939123848
      }
    },
    "id": {
      "Trump": {
        "f1_mean": 0.6094410180074721,
        "f1_std": 0.0061153500491851
      },
      "ICE": {
        "f1_mean": 0.61787678110531,
        "f1_std": 0.008380085262765617
      },
      "Gaza": {
        "f1_mean": 0.6247813609988312,
        "f1_std": 0.006508916394455973
      },
      "Pokemon": {
        "f1_mean": 0.6268420276294292,
        "f1_std": 0.0040733732346954375
      },
      "AI": {
        "f1_mean": 0.6407213891510145,
        "f1_std": 0.013122789832162916
      },
      "Booksky": {
        "f1_mean": 0.6032297723972981,
        "f1_std": 0.004024444311745704
      },
      "BlackHistoryMonth": {
        "f1_mean": 0.5935803933735072,
        "f1_std": 0.012037456183319329
      },
      "TheTraitors": {
        "f1_mean": 0.6018781305740882,
        "f1_std": 0.00794209623697696
      },
      "Anime": {
        "f1_mean": 0.6393279546278565,
        "f1_std": 0.003028035704375306
      },
      "Superbowl": {
        "f1_mean": 0.6012758289602403,
        "f1_std": 0.0038010585706879105
      }
    }
  }
}