{
  "config_name": "XGB_MESSAGE_1TO5",
  "model": "xgb",
  "dataset_file": "dataset_message_1to5.csv",
  "evaluation_mode": "all",
  "results": {
    "mixed": {
      "f1_mean": 0.12529721999076252,
      "f1_std": 0.00291941977308019
    },
    "ood": {
      "Trump": {
        "f1_mean": 0.13885700255345065,
        "f1_std": 0.05340271250125738
      },
      "ICE": {
        "f1_mean": 0.17269974412395814,
        "f1_std": 0.018390732914310443
      },
      "Gaza": {
        "f1_mean": 0.20077097470404084,
        "f1_std": 0.03763348022000231
      },
      "Pokemon": {
        "f1_mean": 0.26533047713169144,
        "f1_std": 0.012931401307016194
      },
      "AI": {
        "f1_mean": 0.1975391731547982,
        "f1_std": 0.005376001682026933
      },
      "Booksky": {
        "f1_mean": 0.2514015920386467,
        "f1_std": 0.012804386804080843
      },
      "BlackHistoryMonth": {
        "f1_mean": 0.23498096068530158,
        "f1_std": 0.005301044325863953
      },
      "TheTraitors": {
        "f1_mean": 0.06129074526963823,
        "f1_std": 0.005557561361976631
      },
      "Anime": {
        "f1_mean": 0.2975319838672105,
        "f1_std": 0.011638657573097259
      },
      "Superbowl": {
        "f1_mean": 0.11606914627025171,
        "f1_std": 0.02422432330847597
      }
    },
    "id": {
      "Trump": {
        "f1_mean": 0.07943905452692597,
        "f1_std": 0.009845436131918113
      },
      "ICE": {
        "f1_mean": 0.06761526589743355,
        "f1_std": 0.0023468061470395757
      },
      "Gaza": {
        "f1_mean": 0.06539162295966018,
        "f1_std": 0.0082957759628423
      },
      "Pokemon": {
        "f1_mean": 0.055537343454097075,
        "f1_std": 0.001518384610667044
      },
      "AI": {
        "f1_mean": 0.09661303302939572,
        "f1_std": 0.01510867876497586
      },
      "Booksky": {
        "f1_mean": 0.07050585440116555,
        "f1_std": 0.0026886473665236354
      },
      "BlackHistoryMonth": {
        "f1_mean": 0.12478432331297483,
        "f1_std": 0.013505974375209624
      },
      "TheTraitors": {
        "f1_mean": 0.07390856485522233,
        "f1_std": 0.015094499476182768
      },
      "Anime": {
        "f1_mean": 0.10547007949167257,
        "f1_std": 0.009351826048769718
      },
      "Superbowl": {
        "f1_mean": 0.08431661750245821,
        "f1_std": 0.008503138883714307
      }
    }
  }
}