dataset_rows,n_runs,f1_mean,f1_std
137598,2,0.3303153762077836,0.003193898411429197
