dataset_rows,n_runs,f1_mean,f1_std
46238,2,0.6075624544722429,0.014165471745036406
